num_test_examples,rouge1,rouge2,rougeL,rougeLsum,avg_mood_recovery,avg_genre_recovery,mood_any_hit_rate,genre_any_hit_rate
300,0.8585825566967902,0.7495054265929165,0.856630467189071,0.8568446654685912,0.274,0.4471476510067114,0.42333333333333334,0.7449664429530202
